<?xml version="1.0"?>
<!--
/**
 *
 * ShipperHQ Shipping Module
 *
 * NOTICE OF LICENSE
 *
 * This source file is subject to the Open Software License (OSL 3.0)
 * that is bundled with this package in the file LICENSE.txt.
 * It is also available through the world-wide-web at this URL:
 * http://opensource.org/licenses/osl-3.0.php
 * If you did not receive a copy of the license and are unable to
 * obtain it through the world-wide-web, please send an email
 * to license@magentocommerce.com so we can send you a copy immediately.
 *
 * DISCLAIMER
 *
 * Do not edit or add to this file if you wish to upgrade Magento to newer
 * versions in the future. If you wish to customize Magento for your
 * needs please refer to http://www.magentocommerce.com for more information.
 *
 * Shipper HQ Shipping
 *
 * @category ShipperHQ
 * @package ShipperHQ_Shipping_Carrier
 * @copyright Copyright (c) 2015 Zowta LLC (http://www.ShipperHQ.com)
 * @license http://opensource.org/licenses/osl-3.0.php Open Software License (OSL 3.0)
 * @author ShipperHQ Team sales@shipperhq.com
*/
/**
 * Copyright © 2015 Magento. All rights reserved.
 * See COPYING.txt for license details.
 */
-->
<config xmlns:xsi="http://www.w3.org/2001/XMLSchema-instance" xsi:noNamespaceSchemaLocation="urn:magento:module:Magento_Catalog:etc/catalog_attributes.xsd">
    <group name="quote_item">
        <attribute name="shipperhq_shipping_group"/>
        <attribute name="shipperhq_warehouse"/>
        <attribute name="shipperhq_shipping_fee"/>
        <attribute name="shipperhq_handling_fee"/>
        <attribute name="shipperhq_volume_weight"/>
        <attribute name="shipperhq_declared_value"/>
        <attribute name="ship_separately"/>
        <attribute name="shipperhq_dim_group"/>
        <attribute name="ship_length"/>
        <attribute name="ship_width"/>
        <attribute name="ship_height"/>
        <attribute name="shipperhq_poss_boxes"/>
        <attribute name="shipperhq_malleable_product"/>
        <attribute name="shipperhq_master_boxes"/>
        <attribute name="length"/>
        <attribute name="width"/>
        <attribute name="height"/>
        <attribute name="shipperhq_availability_date"/>
    </group>
</config>