<?xml version="1.0"?>
<!--
/**
 *
 * ShipperHQ
 *
 * NOTICE OF LICENSE
 *
 * This source file is subject to the Open Software License (OSL 3.0)
 * that is bundled with this package in the file LICENSE.txt.
 * It is also available through the world-wide-web at this URL:
 * http://opensource.org/licenses/osl-3.0.php
 * If you did not receive a copy of the license and are unable to
 * obtain it through the world-wide-web, please send an email
 * to license@magentocommerce.com so we can send you a copy immediately.
 *
 * DISCLAIMER
 *
 * Do not edit or add to this file if you wish to upgrade Magento to newer
 * versions in the future. If you wish to customize Magento for your
 * needs please refer to http://www.magentocommerce.com for more information.
 *
 * Shipper HQ Shipping
 *
 * @category ShipperHQ
 * @package ShipperHQ_Logger
 * @copyright Copyright (c) 2015 Zowta LLC (http://www.ShipperHQ.com)
 * @license http://opensource.org/licenses/osl-3.0.php Open Software License (OSL 3.0)
 * @author ShipperHQ Team sales@shipperhq.com
 */
/**
 * Copyright © 2015 Magento. All rights reserved.
 * See COPYING.txt for license details.
 */
-->
<config xmlns:xsi="http://www.w3.org/2001/XMLSchema-instance" xsi:noNamespaceSchemaLocation="../../../../../lib/internal/Magento/Framework/Acl/etc/acl.xsd">
    <acl>
        <resources>
            <resource id="Magento_Backend::admin">
                <resource id="Magento_Backend::system">
                    <resource id="Magento_Backend::system_other_settings">
                        <resource id="ShipperHQ_Logger::logger" title="ShipperHQ View Logs"  sortOrder="20" />
                    </resource>
                </resource>
            </resource>
        </resources>
    </acl>
</config>
