<?xml version="1.0"?>
<!--
/**
 * Copyright © 2015 Magento. All rights reserved.
 * See COPYING.txt for license details.
 */
-->
<config xmlns:xsi="http://www.w3.org/2001/XMLSchema-instance" xsi:noNamespaceSchemaLocation="../../../../../lib/internal/Magento/Framework/Acl/etc/acl.xsd">
    <acl>
        <resources>
            <resource id="Magento_Backend::admin">
                <resource id="Magento_Backend::system">
                    <resource id="Magento_Backend::system_other_settings">
                        <resource id="ShipperHQ_Shipper::synchronize" title="Synchronize ShipperHQ"  sortOrder="20" />
                    </resource>
                </resource>
            </resource>
        </resources>
    </acl>
</config>
