<config xmlns:xsi="http://www.w3.org/2001/XMLSchema-instance" xsi:noNamespaceSchemaLocation="urn:magento:framework:ObjectManager/etc/config.xsd">
    <preference for="Magento\Framework\Search\Adapter\Mysql\Field\FieldInterface" type="Magento\Framework\Search\Adapter\Mysql\Field\Field" />
    <type name="ShipperHQ\Shipper\Model\Carrier\Shipper">
        <!--<arguments>-->
            <!--<argument name="shipperData" xsi:type="object">ShipperHQ\Shipper\Helper\Data</argument>-->
            <!--<argument name="configHelper" xsi:type="object">ShipperHQ\Shipper\Helper\Config</argument>-->
            <!--<argument name="scopeConfig" xsi:type="object">Magento\Framework\App\Config\ScopeConfigInterface</argument>-->
            <!--<argument name="shipperMapper" xsi:type="object">ShipperHQ\Shipper\Model\Carrier\Processor\ShipperMapper</argument>-->
            <!--<argument name="errorFactory" xsi:type="object">Magento\Quote\Model\Quote\Address\RateResult\ErrorFactory</argument>-->
            <!--<argument name="resultFactory" xsi:type="object">Magento\Shipping\Model\Rate\ResultFactory</argument>-->
            <!--<argument name="shipperResult" xsi:type="object">ShipperHQ\Shipper\Model\Rate\Result</argument>-->
            <!--<argument name="storeManager" xsi:type="object">Magento\Store\Model\StoreManagerInterface\Proxy</argument>-->
            <!--<argument name="rateMethodFactory" xsi:type="object">Magento\Quote\Model\Quote\Address\RateResult\MethodFactory</argument>-->
        <!--</arguments>-->
    </type>
    <type name="\Magento\Quote\Model\Quote\Address\Rate">
        <plugin name="shipperhq_shipper_model_sales_quote_address_rate"
                type="ShipperHQ\Shipper\Model\Sales\Quote\Address\RatePlugin"
                sortOrder="10"
                disabled="false"/>
    </type>
</config>