<?xml version="1.0"?>
<!--
/**
 * Copyright © 2015 Magento. All rights reserved.
 * See COPYING.txt for license details.
 */
-->
<config xmlns:xsi="http://www.w3.org/2001/XMLSchema-instance" xsi:noNamespaceSchemaLocation="../../../../../lib/internal/Magento/Framework/Module/etc/module.xsd">
    <module name="WebShopApps_MatrixRate" setup_version="1.0.0" >
        <sequence>
            <module name="Magento_Config"/>
            <module name="Magento_Store"/>
            <module name="Magento_Sales"/>
            <module name="Magento_Quote"/>
            <module name="Magento_SalesRule"/>
        </sequence>
    </module>
</config>
