<?xml version="1.0"?>
<!--
/**
 * Copyright © 2015 Magento. All rights reserved.
 * See COPYING.txt for license details.
 */
-->
<config xmlns:xsi="http://www.w3.org/2001/XMLSchema-instance"
        xsi:noNamespaceSchemaLocation="urn:magento:framework:DataObject/etc/fieldset.xsd">
    <scope id="global">
        <fieldset id="sales_convert_quote_address">
            <field name="carrier_type">
                <aspect name="to_order" />
            </field>
            <field name="carrier_id">
                <aspect name="to_order" />
            </field>
            <field name="destination_type">
                <aspect name="to_order" />
                <aspect name="to_customer_address" />
            </field>
            <field name="validation_status">
                <aspect name="to_order" />
                <aspect name="to_customer_address" />
            </field>
        </fieldset>
        <fieldset id="sales_convert_order">
            <field name="carrier_type">
                <aspect name="to_quote_address" />
            </field>
            <field name="carrier_id">
                <aspect name="to_quote_address" />
            </field>
        </fieldset>
        <fieldset id="customer_address">
            <field name="destination_type">
                <aspect name="to_quote_address" />
            </field>
            <field name="validation_status">
                <aspect name="to_quote_address" />
            </field>
        </fieldset>
        <fieldset id="quote_convert_item">
            <field name="carriergroup_id">
                <aspect name="to_order_item" />
            </field>
            <field name="carriergroup">
                <aspect name="to_order_item" />
            </field>
            <field name="carriergroup_shipping">
                <aspect name="to_order_item" />
            </field>
        </fieldset>
        <fieldset id="sales_convert_order_item">
            <field name="carriergroup_id">
                <aspect name="to_quote_item" />
            </field>
            <field name="carriergroup">
                <aspect name="to_quote_item" />
            </field>
            <field name="carriergroup_shipping">
                <aspect name="to_quote_item" />
            </field>
        </fieldset>
    </scope>
</config>
