<?xml version="1.0"?>
<!--
/**
 * Copyright © 2015 Magento. All rights reserved.
 * See COPYING.txt for license details.
 */
-->
<config xmlns:xsi="http://www.w3.org/2001/XMLSchema-instance" xsi:noNamespaceSchemaLocation="urn:magento:framework:Event/etc/events.xsd">
    <event name="admin_system_config_changed_section_carriers">
        <observer name="shipperhq_refresh_carriers" instance="ShipperHQ\Shipper\Observer\RefreshCarriers"/>
    </event>
    <event name="adminhtml_sales_order_create_process_data_before">
        <observer name="shipperhq_save_shipping_admin" instance="ShipperHQ\Shipper\Observer\SaveShippingAdmin"/>
    </event>
    <event name="checkout_submit_all_after">
        <observer name="shipperhq_record_order" instance="ShipperHQ\Shipper\Observer\RecordAdminOrder"/>
    </event>
    <event name="email_order_set_template_vars_before">
        <observer name="shipperhq_save_email_variables" instance="ShipperHQ\Shipper\Observer\SaveEmailVariables"/>
    </event>
</config>


