<?xml version="1.0"?>
<!--
/**
 * WebShopApps
 *
 * NOTICE OF LICENSE
 *
 * This source file is subject to the Open Software License (OSL 3.0)
 * that is bundled with this package in the file LICENSE.txt.
 * It is also available through the world-wide-web at this URL:
 * http://opensource.org/licenses/osl-3.0.php
 * If you did not receive a copy of the license and are unable to
 * obtain it through the world-wide-web, please send an email
 * to license@magentocommerce.com so we can send you a copy immediately.
 *
 * DISCLAIMER
 *
 * Do not edit or add to this file if you wish to upgrade Magento to newer
 * versions in the future. If you wish to customize Magento for your
 * needs please refer to http://www.magentocommerce.com for more information.
 *
 * WebShopApps MatrixRate
 *
 * @category WebShopApps
 * @package WebShopApps_MatrixRate
 * @copyright Copyright (c) 2014 Zowta LLC (http://www.WebShopApps.com)
 * @license http://opensource.org/licenses/osl-3.0.php Open Software License (OSL 3.0)
 * @author WebShopApps Team sales@webshopapps.com
 *
 */
/**
 * Copyright © 2015 Magento. All rights reserved.
 * See COPYING.txt for license details.
 */
-->
<config xmlns:xsi="http://www.w3.org/2001/XMLSchema-instance" xsi:noNamespaceSchemaLocation="../../../../../lib/internal/Magento/Framework/Module/etc/module.xsd">
    <module name="WebShopApps_MatrixRate" setup_version="1.0.0" >
        <sequence>
            <module name="Magento_Config"/>
            <module name="Magento_Store"/>
            <module name="Magento_Sales"/>
            <module name="Magento_Quote"/>
            <module name="Magento_SalesRule"/>
        </sequence>
    </module>
</config>
