<?xml version="1.0"?>
<!--
/**
 * Copyright © 2016 Magento. All rights reserved.
 * See COPYING.txt for license details.
 */
-->
<config xmlns:xsi="http://www.w3.org/2001/XMLSchema-instance" xsi:noNamespaceSchemaLocation="urn:magento:framework:ObjectManager/etc/config.xsd">
    <type name="Magento\Framework\Notification\MessageList">
        <arguments>
            <argument name="messages" xsi:type="array">
                <item name="shipperhq_credentials_invalid" xsi:type="string">ShipperHQ\Shipper\Model\System\Message\Credentials</item>
                <item name="shipperhq_feature_module_alert" xsi:type="string">ShipperHQ\Shipper\Model\System\Message\ModuleAlert</item>
                <item name="shipperhq_index_alert" xsi:type="string">ShipperHQ\Shipper\Model\System\Message\IndexAlert</item>
            </argument>
        </arguments>
    </type>

    <virtualType name="Magento\Catalog\Ui\DataProvider\Product\Form\Modifier\Pool">
        <arguments>
            <argument name="modifiers" xsi:type="array">
                <item name="Hidable" xsi:type="array">
                    <item name="class" xsi:type="string">ShipperHQ\Shipper\Ui\DataProvider\Product\Form\Modifier\Hidable</item>
                    <item name="sortOrder" xsi:type="number">10</item>
                </item>
            </argument>
        </arguments>
    </virtualType>
</config>
