<?xml version="1.0"?>
<!--
/**
*
* ShipperHQ
*
* NOTICE OF LICENSE
*
* This source file is subject to the Open Software License (OSL 3.0)
* that is bundled with this package in the file LICENSE.txt.
* It is also available through the world-wide-web at this URL:
* http://opensource.org/licenses/osl-3.0.php
* If you did not receive a copy of the license and are unable to
* obtain it through the world-wide-web, please send an email
* to license@magentocommerce.com so we can send you a copy immediately.
*
* DISCLAIMER
*
* Do not edit or add to this file if you wish to upgrade Magento to newer
* versions in the future. If you wish to customize Magento for your
* needs please refer to http://www.magentocommerce.com for more information.
*
* Shipper HQ Shipping
*
* @category ShipperHQ
* @package ShipperHQ_Logger
* @copyright Copyright (c) 2015 Zowta LLC (http://www.ShipperHQ.com)
* @license http://opensource.org/licenses/osl-3.0.php Open Software License (OSL 3.0)
* @author ShipperHQ Team sales@shipperhq.com
*/
/**
* Copyright © 2015 Magento. All rights reserved.
* See COPYING.txt for license details.
*/
-->
<config xmlns:xsi="http://www.w3.org/2001/XMLSchema-instance" xsi:noNamespaceSchemaLocation="urn:magento:framework:ObjectManager/etc/config.xsd">
    <type name="ShipperHQ\Logger\Model\Logger\Handler">
        <arguments>
            <argument name="filesystem" xsi:type="object">Magento\Framework\Filesystem\Driver\File</argument>
        </arguments>
    </type>
    <type name="ShipperHQ\Logger\Model\Logger">
        <arguments>
            <argument name="name" xsi:type="string">ShipperHQ Logger</argument>
            <argument name="handlers"  xsi:type="array">
                <item name="debug" xsi:type="object">ShipperHQ\Logger\Model\Logger\Debug</item>
                <item name="info" xsi:type="object">ShipperHQ\Logger\Model\Logger\Info</item>
                <item name="warning" xsi:type="object">ShipperHQ\Logger\Model\Logger\Warning</item>
                <item name="critical" xsi:type="object">ShipperHQ\Logger\Model\Logger\Critical</item>
            </argument>
        </arguments>
    </type>
</config>